<?xml version="1.0" encoding="UTF-8"?>

<mule xmlns:ee="http://www.mulesoft.org/schema/mule/ee/core" xmlns:db="http://www.mulesoft.org/schema/mule/db"
	xmlns:http="http://www.mulesoft.org/schema/mule/http"
	xmlns="http://www.mulesoft.org/schema/mule/core" xmlns:doc="http://www.mulesoft.org/schema/mule/documentation" xmlns:xsi="http://www.w3.org/2001/XMLSchema-instance" xsi:schemaLocation="http://www.mulesoft.org/schema/mule/core http://www.mulesoft.org/schema/mule/core/current/mule.xsd
http://www.mulesoft.org/schema/mule/http http://www.mulesoft.org/schema/mule/http/current/mule-http.xsd
http://www.mulesoft.org/schema/mule/db http://www.mulesoft.org/schema/mule/db/current/mule-db.xsd
http://www.mulesoft.org/schema/mule/ee/core http://www.mulesoft.org/schema/mule/ee/core/current/mule-ee.xsd">
	<http:listener-config name="HTTP_Listener_config" doc:name="HTTP Listener config" doc:id="e32b2ab4-2bc1-47ff-a2ea-1c4bc041ec03" >
		<http:listener-connection host="0.0.0.0" port="8081" />
	</http:listener-config>
	<db:config name="Database_Config" doc:name="Database Config" doc:id="77eb8fe4-01f9-4266-b4f3-5c423230e901" >
		<db:my-sql-connection host="iltdb.learn.mulesoft.com" port="3306" user="mule" password="mule" database="training" />
	</db:config>
	<flow name="getfilghts" doc:id="720e7783-7f3f-445f-aad2-284af2d75e8b" >
		<db:select doc:name="Select" doc:id="038fe35a-c6e5-4a69-9414-085c7d635e17" config-ref="Database_Config">
			<db:sql ><![CDATA[SELECT * FROM american]]></db:sql>
		</db:select>
		<ee:transform doc:name="Transform Message" doc:id="989c7057-d69a-49ca-b6a4-ac639535d37c" >
			<ee:message >
				<ee:set-payload ><![CDATA[%dw 2.0
output application/json
---
payload map ( payload01 , indexOfPayload01 ) -> {
	ID: payload01.ID,
	code: (payload01.code1default "") ++ (payload01.code2 default ""),
	price: payload01.price default 0,
	departureDate: payload01.takeOffDate as String default "",
	destination: payload01.toAirport default "",
	emptySeats: payload01.seatsAvailable default 0,
	plane: {
		totalSeats: payload01.planeType as Number default 0
	}
}]]></ee:set-payload>
			</ee:message>
		</ee:transform>
	</flow>
	<flow name="getfilghtsByID" doc:id="b2dcfcdb-5884-48e1-91ac-25c5a7a777e1" >
		<db:select doc:name="Copy_of_Select" doc:id="158a1d36-90f7-4369-9782-d0477201c351" config-ref="Database_Config" >
			<db:sql ><![CDATA[SELECT * FROM american WHERE ID = :flightID]]></db:sql>
			<db:input-parameters ><![CDATA[#[{flightID: attributes.uriParams.Id}]]]></db:input-parameters>
		</db:select>
		<ee:transform doc:name="Copy_of_Transform Message" doc:id="b2f40705-7075-49d2-b538-dcb52518fb83" >
			<ee:message >
				<ee:set-payload ><![CDATA[%dw 2.0
output application/json
---
payload map ( payload01 , indexOfPayload01 ) -> {
	ID: payload01.ID,
	code: (payload01.code1default "") ++ (payload01.code2 default ""),
	price: payload01.price default 0,
	departureDate: payload01.takeOffDate as String default "",
	destination: payload01.toAirport default "",
	emptySeats: payload01.seatsAvailable default 0,
	plane: {
		totalSeats: payload01.planeType as Number default 0
	}
}]]></ee:set-payload>
			</ee:message>
		</ee:transform>
	</flow>
</mule>
