{"main":"indian-flights-api.raml","name":"Indian Flights API","classifier":"raml","tags":[],"dependencies":[{"groupId":"68ef9520-24e9-4cf2-b2f5-620025690913","assetId":"training-american-flight-data-type","version":"1.0.1"},{"groupId":"68ef9520-24e9-4cf2-b2f5-620025690913","assetId":"training-american-flights-example","version":"1.0.1"}],"groupId":"9558bcac-6718-4399-b11a-4bf5556937bf","assetId":"indian-flights-api","version":"1.0.1","apiVersion":"v1","originalFormatVersion":"1.0","metadata":{"projectId":"6e8a6e64-ec42-4302-9aad-0467f5d36b4d","branchId":"master","commitId":"8e9ccbd268b5ce65dbd110378e7196a8f5a83c4c"}}